[
  {
    "id": 1,
    "image": "/assets/marquee/image-1.jpg",
    "title": "Image-1"
  },
  {
    "id": 2,
    "image": "/assets/marquee/image-1.jpg",
    "title": "Image-1"
  },
  {
    "id": 3,
    "image": "/assets/marquee/image-1.jpg",
    "title": "Image-1"
  },
  {
    "id": 4,
    "image": "/assets/marquee/image-1.jpg",
    "title": "Image-1"
  },
  {
    "id": 5,
    "image": "/assets/marquee/image-1.jpg",
    "title": "Image-1"
  },
  {
    "id": 6,
    "image": "/assets/marquee/image-1.jpg",
    "title": "Image-1"
  }
]
