[
  {
    "title": "Facebook Ads Campaigns",
    "link": "facebook-ads-management",
    "icon": "/assets/icons/fb.svg",
    "description": "Highly targeted and result-driven Facebook ad campaigns designed to maximize ROI. From audience research and custom segmentation to creative ad copy and A/B testing, we ensure your ads reach the right people, drive meaningful engagement, and convert clicks into loyal customers.",
    "short": "Targeted and result-driven ad campaigns to boost sales and engagement",
    "plans": [
      {
        "title": "Starter Ads",
        "price": 19,
        "benefits": [
          "1 Campaign",
          "1 Ad Set",
          "1 Creative",
          "Audience Research",
          "Pixel Setup"
        ]
      },
      {
        "title": "Growth Ads",
        "price": 49,
        "benefits": [
          "2 Campaigns",
          "3 Ad Sets",
          "3 Creatives",
          "A/B Testing",
          "Retargeting",
          "Weekly Report"
        ]
      },
      {
        "title": "Scale Ads",
        "price": 199,
        "benefits": [
          "Full Funnel",
          "Unlimited Campaigns",
          "Multiple Creatives",
          "Retargeting + Lookalike",
          "Daily Optimization"
        ]
      }
    ]
  },
  {
    "title": "Google Ads Management",
    "link": "google-ads-management",
    "icon": "/assets/icons/google.svg",
    "description": "Comprehensive Google Ads management with smart bidding strategies, keyword optimization, and performance tracking. We craft tailored campaigns that place your business in front of the right audience at the right time, ensuring higher click-through rates, reduced ad spend waste, and measurable growth.",
    "short": "Smart ad strategies to reach the right audience at the right time",
    "plans": [
      {
        "title": "Starter PPC",
        "price": 19,
        "benefits": [
          "1 Campaign",
          "10 Keywords",
          " Negative Keywords",
          "Conversion Setup"
        ]
      },
      {
        "title": "Growth PPC",
        "price": 59,
        "benefits": [
          "Search + Display",
          " 25 Keywords",
          "Competitor Research",
          "Ad Extensions"
        ]
      },
      {
        "title": "Pro Conversion Plan",
        "price": 99,
        "benefits": [
          "Search + Display + Video",
          " 50+ Keywords",
          "Landing Page uggestion",
          "Daily Optimization"
        ]
      }
    ]
  },
  {
    "title": "SEO Optimization",
    "link": "seo-optimization",
    "icon": "/assets/icons/seo.svg",
    "description": "End-to-end SEO solutions including on-page optimization, technical audits, and keyword strategy to help your website rank higher on search engines. We focus on improving site speed, mobile responsiveness, and structured data while building a strong content and backlink profile for long-term visibility.",
    "short": "Rank higher on search engines with on-page and technical SEO",
    "plans": [
      {
        "title": "On-Page SEO",
        "price": 49,
        "benefits": ["5 Pages SEO", "Meta Tags", "Image Alt", "Basic Keywords"]
      },
      {
        "title": "Growth SEO",
        "price": 99,
        "benefits": [
          "10 Pages SEO",
          "Technical Fixes",
          "Speed Up",
          "Schema",
          "5 Backlinks"
        ]
      },
      {
        "title": "Full SEO",
        "price": 199,
        "benefits": [
          "Search + Display + Video",
          " 50+ Keywords",
          "Landing Page uggestion",
          "Daily Optimization"
        ]
      }
    ]
  },
  {
    "title": "YouTube SEO & Thumbnails",
    "link": "youtube-seo-thumbnails",
    "icon": "/assets/icons/yt.svg",
    "description": "Boost your video performance with optimized titles, descriptions, tags, and playlists. We design eye-catching, click-worthy thumbnails that increase watch time and subscriber growth, while applying proven YouTube SEO techniques to help your content appear in search results and suggested feeds.",
    "short": "Optimize videos and design eye-catching thumbnails for better views",
    "plans": [
      {
        "title": "Video SEO Setup",
        "price": 25,
        "benefits": [
          "1 Video SEO + Tags",
          "Title",
          "Description",
          "Thumbnail Tips"
        ]
      },
      {
        "title": "Channel Growth",
        "price": 69,
        "benefits": [
          "3 Videos SEO",
          "Hashtags",
          "Playlist SEO",
          "Ranking Report"
        ]
      },
      {
        "title": "Full SEO",
        "price": 199,
        "benefits": [
          "10 Videos SEO",
          "Channel Audit",
          "End Screen Strategy",
          "Competitor Research"
        ]
      }
    ]
  },
  {
    "title": "Social Media Post Design",
    "link": "social-media-post-design",
    "icon": "/assets/icons/brush.svg",
    "description": "Engaging and creative social media visuals tailored to your brand identity. From carousel posts and infographics to story highlights and reels, we design content that resonates with your audience, strengthens brand presence, and encourages shares, likes, and meaningful interactions.",
    "short": "Creative visuals that connect with your audience and grow your brand",
    "plans": [
      {
        "title": "Single Design Package",
        "price": 7,
        "benefits": [
          "1 Premium Social Media Post Design",
          "Designed based on your brand colors and style",
          "High-resolution output",
          "Fast delivery",
          "1 revision included"
        ]
      },
      {
        "title": "Weekly Package",
        "price": 40,
        "benefits": [
          "7 Custom Social Media Designs",
          "Consistent weekly branding",
          "Content idea support (if needed)",
          "Optimized for all social platforms",
          "2 revisions included"
        ]
      },
      {
        "title": "Monthly Package",
        "price": 150,
        "benefits": [
          "30 High-quality unique designs",
          "Full-month content support",
          "Complete visual branding consistency",
          "Priority delivery and premium support",
          "Unlimited minor revisions"
        ]
      }
    ]
  },
  {
    "title": "Logo & Branding",
    "link": "logo-branding",
    "icon": "/assets/icons/logo.svg",
    "description": "Professional logo design and complete branding solutions that capture your business's essence. We create unique visual identities including color palettes, typography, and brand guidelines to ensure consistency across all platforms, helping your brand stand out and leave a lasting impression.",
    "short": "Professional brand identity design to make your business stand out",
    "plans": [
      {
        "title": "Basic Package",
        "price": 40,
        "benefits": [
          "1 Custom Logo Design",
          "2 Logo Concepts",
          "High-resolution files (PNG, JPG)",
          "Transparent background version",
          "2 Revisions"
        ]
      },
      {
        "title": "Standard Package",
        "price": 75,
        "benefits": [
          "1 Professional Logo (3 Concepts)",
          "Color Palette + Font Suggestions",
          "High-resolution files (PNG, JPG, PDF)",
          "Social Media Profile Logo",
          "5 Revisions"
        ]
      },
      {
        "title": "Premium Package",
        "price": 120,
        "benefits": [
          "1 Premium Logo (3-5 Concepts)",
          "Full Branding Kit (colors, fonts, typography)",
          "Social Media Branding (Profile + Cover)",
          "High-resolution files (PNG, JPG, PDF, SVG)",
          "Brand Guideline Document",
          "Unlimited Revisions"
        ]
      }
    ]
  }
]
