[

    {
        "id":0,
        "name":"Md Shakil H",
        "post": "CEO/Digital Marketer",
        "social":{"email": "info@nexorosolution.com"},
        "company": "Nexoro Solution",
        "image": "/assets/team/1.png"  
    },
    {
        "id":1,
        "name":"Zishan Rahman",
        "post": "Graphic Designer & Visualizer",
        "social":{"email": "info@nexorosolution.com"},
        "company": "Nexoro Solution",
        "image": "/assets/team/4.png"
    },
    {
        "id":2,
        "name":"Jisan Ahamad",
        "post": "Lead generation expert",
        "social":{"email": "info@nexorosolution.com"},
        "company": "Nexoro Solution",
        "image": "/assets/team/5.png"  
    },
    {
        "id":3,
        "name":"Ahsanul Azim Plabon",
        "post": "Web Developer",
        "social":{
            "email": "info@nexorosolution.com",
            "github": "https://github.com/ahsanulazim"},
        "company": "Nexoro Solution",
        "image": "/assets/team/6.jpg"  
    },
    {
        "id":4,
        "name":"Al Sneha",
        "post": "Google ADS Expert",
        "social":{"email": "info@nexorosolution.com"},
        "company": "Nexoro Solution",
        "image": "/assets/team/3.png"  
    },
    {
        "id":5,
        "name":"Rajia Sultana",
        "post": "Facebook ADS expert",
        "social":{"email": "info@nexorosolution.com"},
        "company": "Nexoro Solution",
        "image": "/assets/team/2.png"  
    }
    
]